<?xml version="1.0" encoding="utf-8"?>
<resources>
    <color name="colorPrimary">#8fa4af</color>
    <color name="colorPrimaryDark">#40545f</color>
    <color name="colorAccent">#ccc</color>
    <color name="black_overlay">#66000000</color>
    <color name="parrot">#8be74a</color>
    <color name="amber">#FFC107</color>
    <color name="aqua">#00ffff</color>
    <color name="blue">#2196F3</color>
    <color name="light_blue">#87CEEB</color>
    <color name="brown">#795548</color>
    <color name="cyan">#00bcd4</color>
    <color name="blue_grey">#607D8B</color>
    <color name="green">#4CAF50</color>
    <color name="deep_blue">#0000AF</color>
    <color name="dark_blue">#222288</color>
    <color name="light_green">#8BC34A</color>
    <color name="indigo">#3F51B5</color>
    <color name="khaki">#f0e68c</color>
    <color name="lime">#cddc39</color>
    <color name="orange">#FF9800</color>
    <color name="deep_orange">#FF5722</color>
    <color name="pink">#e91e63</color>
    <color name="purple">#9C27B0</color>
    <color name="deep_purple">#673AB7</color>
    <color name="red">#F44336</color>
    <color name="deep_red">#dd0000</color>
    <color name="light_red">#ff6666</color>
    <color name="sand">#fdf5e6</color>
    <color name="teal">#009688</color>
    <color name="yellow">#ffeb3b</color>
    <color name="white">#FFFFFF</color>
    <color name="dull_white">#efefef</color>
    <color name="black">#000000</color>
    <color name="grey">#9e9e9e</color>
    <color name="light_grey">#f1f1f1</color>
    <color name="dark_grey">#616161</color>
    <color name="pale_red">#ffdddd</color>
    <color name="pale_green">#ddffdd</color>
    <color name="pale_yellow">#ffffcc</color>
    <color name="pale_blue">#ddffff</color>
    <color name="charcoal">#1c2429</color>
    <color name="spruce">#374852</color>
    <color name="dark_red">#992222</color>
    <color name="nav_red">#992222</color>
</resources>
